<?xml version="1.0" encoding="UTF-8"?>
<project-private xmlns="http://www.netbeans.org/ns/project-private/1">
    <editor-bookmarks xmlns="http://www.netbeans.org/ns/editor-bookmarks/2" lastBookmarkId="0"/>
    <open-files xmlns="http://www.netbeans.org/ns/projectui-open-files/2">
        <group>
            <file>file:/C:/Users/accas/Dropbox/SoftEng/WebJpa/src/java/enterprise/web_jpa_war/servlet/CreateBookServlet.java</file>
            <file>file:/C:/Users/accas/Dropbox/SoftEng/WebJpa/src/java/enterprise/web_jpa_war/servlet/DeleteBookServlet.java</file>
            <file>file:/C:/Users/accas/Dropbox/SoftEng/WebJpa/src/conf/persistence.xml</file>
        </group>
    </open-files>
</project-private>
