<?xml version="1.0" encoding="UTF-8"?>
<project-private xmlns="http://www.netbeans.org/ns/project-private/1">
    <editor-bookmarks xmlns="http://www.netbeans.org/ns/editor-bookmarks/2" lastBookmarkId="0"/>
    <open-files xmlns="http://www.netbeans.org/ns/projectui-open-files/2">
        <group>
            <file>file:/C:/Users/Seán/Documents/NetBeansProjects/WebApplication1/web/displayCustomerDetails.jsp</file>
            <file>file:/C:/Users/Seán/Documents/NetBeansProjects/WebApplication1/web/displayCustomerSummary.jsp</file>
            <file>file:/C:/Users/Seán/Documents/NetBeansProjects/WebApplication1/web/index.html</file>
            <file>file:/C:/Users/Seán/Documents/NetBeansProjects/WebApplication1/src/java/src/Customer.java</file>
            <file>file:/C:/Users/Seán/Documents/NetBeansProjects/WebApplication1/web/css/mystyle.css</file>
            <file>file:/C:/Users/Seán/Documents/NetBeansProjects/WebApplication1/src/java/servlets/getCustomers.java</file>
            <file>file:/C:/Users/Seán/Documents/NetBeansProjects/WebApplication1/src/java/src/CustomerDAO.java</file>
        </group>
    </open-files>
</project-private>
