<?xml version="1.0" encoding="UTF-8"?>
<project-private xmlns="http://www.netbeans.org/ns/project-private/1">
    <editor-bookmarks xmlns="http://www.netbeans.org/ns/editor-bookmarks/2" lastBookmarkId="0"/>
    <open-files xmlns="http://www.netbeans.org/ns/projectui-open-files/2">
        <group>
            <file>file:/C:/Users/Seán/Dropbox/SoftEng/WebJpa/web/css/mystyle.css</file>
            <file>file:/C:/Users/Seán/Dropbox/SoftEng/WebJpa/web/EditBook.jsp</file>
            <file>file:/C:/Users/Seán/Dropbox/SoftEng/WebJpa/web/ListBooks.jsp</file>
            <file>file:/C:/Users/Seán/Dropbox/SoftEng/WebJpa/web/index.jsp</file>
        </group>
    </open-files>
</project-private>
